{
  "timestamp": "20251113_150130",
  "total_execution_time_sec": 1546.1560847759247,
  "device": "cuda",
  "random_seed": 42,
  "num_inference_runs": 5,
  "results": [
    {
      "model_name": "GroundingDino",
      "load_time_sec": 11.518186807632446,
      "inference_times_sec": [
        3.261077880859375,
        0.3163933753967285,
        0.31743884086608887,
        0.31241798400878906,
        0.30776119232177734
      ],
      "avg_inference_sec": 0.9030178546905517,
      "std_inference_sec": 1.1790349315857795,
      "min_inference_sec": 0.30776119232177734,
      "max_inference_sec": 3.261077880859375,
      "fps_avg": 1.107397815896655,
      "fps_std": 1.4458858164563992,
      "mem_before_mb": 0.0,
      "mem_after_load_mb": 660.02294921875,
      "mem_peak_mb": 669.14794921875,
      "mem_after_cleanup_mb": 9.125,
      "total_params": 172249090,
      "total_layers_dissected": 209,
      "num_images": 1,
      "num_runs_per_image": 5,
      "input_size": 800,
      "device": "cuda",
      "prompt_variations": [
        {
          "prompt_idx": 1,
          "prompt": "a car, a person, a building, a tree, a window, a door",
          "inference_time_sec": 0.3773510456085205,
          "detections": 1
        },
        {
          "prompt_idx": 2,
          "prompt": "a vehicle, a human, architecture, vegetation",
          "inference_time_sec": 0.8883190155029297,
          "detections": 5
        },
        {
          "prompt_idx": 3,
          "prompt": "a vintage car, a person walking, a wooden door, a yellow wall",
          "inference_time_sec": 0.39438676834106445,
          "detections": 6
        }
      ],
      "has_prompt_variations": true
    },
    {
      "model_name": "YOLO11n-Detect",
      "load_time_sec": 4.92149806022644,
      "inference_times_sec": [
        4.038553476333618,
        0.04806804656982422,
        0.05455493927001953,
        0.04596066474914551,
        0.04094529151916504
      ],
      "avg_inference_sec": 0.8456164836883545,
      "std_inference_sec": 1.5964744703176832,
      "min_inference_sec": 0.04094529151916504,
      "max_inference_sec": 4.038553476333618,
      "fps_avg": 1.1825691898037105,
      "fps_std": 2.2326214747744637,
      "mem_before_mb": 9.125,
      "mem_after_load_mb": 19.369140625,
      "mem_peak_mb": 19.369140625,
      "mem_after_cleanup_mb": 9.125,
      "total_params": 2616248,
      "total_layers_dissected": 89,
      "num_images": 1,
      "num_runs_per_image": 5,
      "input_size": 640,
      "device": "cuda",
      "has_prompt_variations": false
    },
    {
      "model_name": "YOLO11n-Segment",
      "load_time_sec": 0.49291205406188965,
      "inference_times_sec": [
        0.22763943672180176,
        0.05663585662841797,
        0.05757427215576172,
        0.06157112121582031,
        0.05083632469177246
      ],
      "avg_inference_sec": 0.09085140228271485,
      "std_inference_sec": 0.0684800388632801,
      "min_inference_sec": 0.05083632469177246,
      "max_inference_sec": 0.22763943672180176,
      "fps_avg": 11.006984756142366,
      "fps_std": 8.296611003565863,
      "mem_before_mb": 9.125,
      "mem_after_load_mb": 20.35400390625,
      "mem_peak_mb": 21.62939453125,
      "mem_after_cleanup_mb": 9.125,
      "total_params": 2868664,
      "total_layers_dissected": 102,
      "num_images": 1,
      "num_runs_per_image": 5,
      "input_size": 640,
      "device": "cuda",
      "has_prompt_variations": false
    },
    {
      "model_name": "YOLO11n-Pose",
      "load_time_sec": 0.3026618957519531,
      "inference_times_sec": [
        0.19540619850158691,
        0.049558162689208984,
        0.04750466346740723,
        0.03761029243469238,
        0.04455971717834473
      ],
      "avg_inference_sec": 0.07492780685424805,
      "std_inference_sec": 0.06037467721689774,
      "min_inference_sec": 0.03761029243469238,
      "max_inference_sec": 0.19540619850158691,
      "fps_avg": 13.346180036274541,
      "fps_std": 10.753968994929906,
      "mem_before_mb": 9.125,
      "mem_after_load_mb": 20.341796875,
      "mem_peak_mb": 20.341796875,
      "mem_after_cleanup_mb": 9.125,
      "total_params": 2866468,
      "total_layers_dissected": 98,
      "num_images": 1,
      "num_runs_per_image": 5,
      "input_size": 640,
      "device": "cuda",
      "has_prompt_variations": false
    },
    {
      "model_name": "MobileSAM",
      "load_time_sec": 0.37272119522094727,
      "inference_times_sec": [
        7.667623281478882,
        4.688528060913086,
        4.696025133132935,
        4.679540634155273,
        4.623983383178711
      ],
      "avg_inference_sec": 5.271140098571777,
      "std_inference_sec": 1.1985096909436599,
      "min_inference_sec": 4.623983383178711,
      "max_inference_sec": 7.667623281478882,
      "fps_avg": 0.18971227880491193,
      "fps_std": 0.04313526113644735,
      "mem_before_mb": 9.125,
      "mem_after_load_mb": 50.6962890625,
      "mem_peak_mb": 189.021484375,
      "mem_after_cleanup_mb": 9.125,
      "total_params": 10130092,
      "total_layers_dissected": 138,
      "num_images": 1,
      "num_runs_per_image": 5,
      "input_size": 1024,
      "device": "cuda",
      "has_prompt_variations": false
    },
    {
      "model_name": "DepthAnythingV2-Small",
      "load_time_sec": 0.7348668575286865,
      "inference_times_sec": [
        0.33595800399780273,
        0.08841443061828613,
        0.08545088768005371,
        0.07245659828186035,
        0.034750938415527344
      ],
      "avg_inference_sec": 0.12340617179870605,
      "std_inference_sec": 0.1079804763485811,
      "min_inference_sec": 0.034750938415527344,
      "max_inference_sec": 0.33595800399780273,
      "fps_avg": 8.103322430511415,
      "fps_std": 7.090412118771674,
      "mem_before_mb": 9.125,
      "mem_after_load_mb": 103.9990234375,
      "mem_peak_mb": 103.9990234375,
      "mem_after_cleanup_mb": 9.125,
      "total_params": 24785089,
      "total_layers_dissected": 33,
      "num_images": 1,
      "num_runs_per_image": 5,
      "input_size": 518,
      "device": "cuda",
      "has_prompt_variations": false
    },
    {
      "model_name": "DepthAnythingV2-Base",
      "load_time_sec": 1.415839672088623,
      "inference_times_sec": [
        0.33969974517822266,
        0.08207488059997559,
        0.06936097145080566,
        0.07950520515441895,
        0.08156251907348633
      ],
      "avg_inference_sec": 0.13044066429138185,
      "std_inference_sec": 0.10473092658868566,
      "min_inference_sec": 0.06936097145080566,
      "max_inference_sec": 0.33969974517822266,
      "fps_avg": 7.666320970017242,
      "fps_std": 6.15529599667352,
      "mem_before_mb": 9.125,
      "mem_after_load_mb": 382.39990234375,
      "mem_peak_mb": 382.39990234375,
      "mem_after_cleanup_mb": 9.125,
      "total_params": 97470785,
      "total_layers_dissected": 33,
      "num_images": 1,
      "num_runs_per_image": 5,
      "input_size": 518,
      "device": "cuda",
      "has_prompt_variations": false
    },
    {
      "model_name": "DepthAnythingV2-Large",
      "load_time_sec": 3.7266862392425537,
      "inference_times_sec": [
        0.26453495025634766,
        0.25823521614074707,
        0.25042128562927246,
        0.2566075325012207,
        0.25673866271972656
      ],
      "avg_inference_sec": 0.2573075294494629,
      "std_inference_sec": 0.004501781273048187,
      "min_inference_sec": 0.25042128562927246,
      "max_inference_sec": 0.26453495025634766,
      "fps_avg": 3.8864000681970228,
      "fps_std": 0.06799537924139466,
      "mem_before_mb": 9.125,
      "mem_after_load_mb": 1291.10546875,
      "mem_peak_mb": 1291.10546875,
      "mem_after_cleanup_mb": 9.125,
      "total_params": 335315649,
      "total_layers_dissected": 33,
      "num_images": 1,
      "num_runs_per_image": 5,
      "input_size": 518,
      "device": "cuda",