{
  "timestamp": "20251111_015405",
  "total_execution_time_sec": 1282.9985873699188,
  "device": "cuda",
  "random_seed": 42,
  "num_inference_runs": 5,
  "results": [
    {
      "model_name": "DepthPro",
      "load_time_sec": 15.161296129226685,
      "inference_times_sec": [
        12.41338324546814,
        15.429679870605469,
        15.494188070297241,
        15.43176794052124,
        15.284269571304321
      ],
      "avg_inference_sec": 14.810657739639282,
      "std_inference_sec": 1.2006176044596002,
      "min_inference_sec": 12.41338324546814,
      "max_inference_sec": 15.494188070297241,
      "fps_avg": 0.0675189459900621,
      "fps_std": 0.005473385221323724,
      "mem_before_mb": 0.0,
      "mem_after_load_mb": 3634.30322265625,
      "mem_peak_mb": 3643.42822265625,
      "mem_after_cleanup_mb": 9.125,
      "total_params": 951991330,
      "total_layers_dissected": 57,
      "num_images": 1,
      "num_runs_per_image": 5,
      "input_size": 640,
      "device": "cuda"
    },
    {
      "model_name": "YOLO11n-Detect",
      "load_time_sec": 0.3561124801635742,
      "inference_times_sec": [
        0.7437067031860352,
        0.031469106674194336,
        0.04617595672607422,
        0.0335080623626709,
        0.033551692962646484
      ],
      "avg_inference_sec": 0.1776823043823242,
      "std_inference_sec": 0.2830603059099517,
      "min_inference_sec": 0.031469106674194336,
      "max_inference_sec": 0.7437067031860352,
      "fps_avg": 5.628022461079021,
      "fps_std": 8.965832388537983,
      "mem_before_mb": 9.125,
      "mem_after_load_mb": 19.369140625,
      "mem_peak_mb": 19.369140625,
      "mem_after_cleanup_mb": 9.125,
      "total_params": 2616248,
      "total_layers_dissected": 89,
      "num_images": 1,
      "num_runs_per_image": 5,
      "input_size": 640,
      "device": "cuda"
    },
    {
      "model_name": "YOLO11n-Segment",
      "load_time_sec": 0.11349797248840332,
      "inference_times_sec": [
        0.19311261177062988,
        0.04528617858886719,
        0.031371116638183594,
        0.047133684158325195,
        0.036295175552368164
      ],
      "avg_inference_sec": 0.0706397533416748,
      "std_inference_sec": 0.061508561916263346,
      "min_inference_sec": 0.031371116638183594,
      "max_inference_sec": 0.19311261177062988,
      "fps_avg": 14.156334821317072,
      "fps_std": 12.326427481317868,
      "mem_before_mb": 9.125,
      "mem_after_load_mb": 20.35400390625,
      "mem_peak_mb": 20.75,
      "mem_after_cleanup_mb": 9.125,
      "total_params": 2868664,
      "total_layers_dissected": 102,
      "num_images": 1,
      "num_runs_per_image": 5,
      "input_size": 640,
      "device": "cuda"
    },
    {
      "model_name": "YOLO11n-Pose",
      "load_time_sec": 0.08355236053466797,
      "inference_times_sec": [
        0.29255175590515137,
        0.037802696228027344,
        0.03865957260131836,
        0.03859353065490723,
        0.038420677185058594
      ],
      "avg_inference_sec": 0.08920564651489257,
      "std_inference_sec": 0.10167350537094932,
      "min_inference_sec": 0.037802696228027344,
      "max_inference_sec": 0.29255175590515137,
      "fps_avg": 11.21005271603579,
      "fps_std": 12.776829713825459,
      "mem_before_mb": 9.125,
      "mem_after_load_mb": 20.341796875,
      "mem_peak_mb": 20.341796875,
      "mem_after_cleanup_mb": 9.125,
      "total_params": 2866468,
      "total_layers_dissected": 98,
      "num_images": 1,
      "num_runs_per_image": 5,
      "input_size": 640,
      "device": "cuda"
    },
    {
      "model_name": "MobileSAM",
      "load_time_sec": 0.24901223182678223,
      "inference_times_sec": [
        11.841472148895264,
        6.070714950561523,
        6.0580525398254395,
        6.0838751792907715,
        6.133538246154785
      ],
      "avg_inference_sec": 7.237530612945557,
      "std_inference_sec": 2.302113159118478,
      "min_inference_sec": 6.0580525398254395,
      "max_inference_sec": 11.841472148895264,
      "fps_avg": 0.13816867291881704,
      "fps_std": 0.04394868044294078,
      "mem_before_mb": 9.125,
      "mem_after_load_mb": 49.76806640625,
      "mem_peak_mb": 67.31640625,
      "mem_after_cleanup_mb": 9.125,
      "total_params": 10130092,
      "total_layers_dissected": 138,
      "num_images": 1,
      "num_runs_per_image": 5,
      "input_size": 1024,
      "device": "cuda"
    },
    {
      "model_name": "DepthAnythingV2-Small",
      "load_time_sec": 0.27811455726623535,
      "inference_times_sec": [
        0.15264511108398438,
        0.03695511817932129,
        0.03041386604309082,
        0.038375139236450195,
        0.03354620933532715
      ],
      "avg_inference_sec": 0.05838708877563477,
      "std_inference_sec": 0.04721006828822398,
      "min_inference_sec": 0.03041386604309082,
      "max_inference_sec": 0.15264511108398438,
      "fps_avg": 17.127074169474692,
      "fps_std": 13.8484442035719,
      "mem_before_mb": 9.125,
      "mem_after_load_mb": 104.61767578125,
      "mem_peak_mb": 104.61767578125,
      "mem_after_cleanup_mb": 9.125,
      "total_params": 24785089,
      "total_layers_dissected": 33,
      "num_images": 1,
      "num_runs_per_image": 5,
      "input_size": 518,
      "device": "cuda"
    },
    {
      "model_name": "DepthAnythingV2-Base",
      "load_time_sec": 0.9413163661956787,
      "inference_times_sec": [
        0.2215592861175537,
        0.08280777931213379,
        0.08256316184997559,
        0.08680033683776855,
        0.08080172538757324
      ],
      "avg_inference_sec": 0.11090645790100098,
      "std_inference_sec": 0.05536122569853148,
      "min_inference_sec": 0.08080172538757324,
      "max_inference_sec": 0.2215592861175537,
      "fps_avg": 9.016607499020798,
      "fps_std": 4.500823957735077,
      "mem_before_mb": 9.125,
      "mem_after_load_mb": 381.03857421875,
      "mem_peak_mb": 381.03857421875,
      "mem_after_cleanup_mb": 9.125,
      "total_params": 97470785,
      "total_layers_dissected": 33,
      "num_images": 1,
      "num_runs_per_image": 5,
      "input_size": 518,
      "device": "cuda"
    },
    {
      "model_name": "DepthAnythingV2-Large",
      "load_time_sec": 3.0653350353240967,
      "inference_times_sec": [
        0.26088500022888184,
        0.25568556785583496,
        0.25602293014526367,
        0.27857542037963867,
        0.2583625316619873
      ],
      "avg_inference_sec": 0.2619062900543213,
      "std_inference_sec": 0.008541340301655782,
      "min_inference_sec": 0.25568556785583496,
      "max_inference_sec": 0.27857542037963867,
      "fps_avg": 3.818159540164509,
      "fps_std": 0.12451858239752324,
      "mem_before_mb": 9.125,
      "mem_after_load_mb": 1289.60546875,
      "mem_peak_mb": 1289.60546875,
      "mem_after_cleanup_mb": 9.125,
      "total_params": 335315649,
      "total_layers_dissected": 33,
      "num_images": 1,
      "num_runs_per_image": 5,
      "input_size": 518,
      "device": "cuda"
    }
  ]
}