{
  "timestamp": "20251113_153353",
  "total_execution_time_sec": 1667.422064781189,
  "device": "cuda",
  "random_seed": 42,
  "num_inference_runs": 5,
  "results": [
    {
      "model_name": "GroundingDino",
      "load_time_sec": 18.642893075942993,
      "inference_times_sec": [
        3.873579978942871,
        0.30986642837524414,
        0.3145320415496826,
        0.31584715843200684,
        0.3240330219268799
      ],
      "avg_inference_sec": 1.027571725845337,
      "std_inference_sec": 1.4230114567260037,
      "min_inference_sec": 0.30986642837524414,
      "max_inference_sec": 3.873579978942871,
      "fps_avg": 0.9731680765908045,
      "fps_std": 1.347671687997728,
      "mem_before_mb": 0.0,
      "mem_after_load_mb": 660.02294921875,
      "mem_peak_mb": 669.14794921875,
      "mem_after_cleanup_mb": 9.125,
      "total_params": 172249090,
      "total_layers_dissected": 17,
      "num_images": 1,
      "num_runs_per_image": 5,
      "input_size": 800,
      "device": "cuda",
      "prompt_variations": [
        {
          "prompt_idx": 1,
          "prompt": "a car, a person, a building, a tree, a window, a door",
          "inference_time_sec": 0.37329959869384766,
          "detections": 1
        },
        {
          "prompt_idx": 2,
          "prompt": "a vehicle, a human, architecture, vegetation",
          "inference_time_sec": 0.3406553268432617,
          "detections": 5
        },
        {
          "prompt_idx": 3,
          "prompt": "a vintage car, a person walking, a wooden door, a yellow wall",
          "inference_time_sec": 0.32882070541381836,
          "detections": 6
        }
      ],
      "has_prompt_variations": true
    },
    {
      "model_name": "YOLO11n-Detect",
      "load_time_sec": 1.1243586540222168,
      "inference_times_sec": [
        1.3000922203063965,
        0.022638797760009766,
        0.04956698417663574,
        0.04405999183654785,
        0.042691946029663086
      ],
      "avg_inference_sec": 0.2918099880218506,
      "std_inference_sec": 0.5042237047135874,
      "min_inference_sec": 0.022638797760009766,
      "max_inference_sec": 1.3000922203063965,
      "fps_avg": 3.4268874988786213,
      "fps_std": 5.9213802859683895,
      "mem_before_mb": 9.125,
      "mem_after_load_mb": 19.369140625,
      "mem_peak_mb": 19.369140625,
      "mem_after_cleanup_mb": 9.125,
      "total_params": 2616248,
      "total_layers_dissected": 89,
      "num_images": 1,
      "num_runs_per_image": 5,
      "input_size": 640,
      "device": "cuda",
      "has_prompt_variations": false
    },
    {
      "model_name": "YOLO11n-Segment",
      "load_time_sec": 0.2782106399536133,
      "inference_times_sec": [
        0.8912501335144043,
        0.05668926239013672,
        0.05170726776123047,
        0.056635379791259766,
        0.05609750747680664
      ],
      "avg_inference_sec": 0.22247591018676757,
      "std_inference_sec": 0.3343922720462212,
      "min_inference_sec": 0.05170726776123047,
      "max_inference_sec": 0.8912501335144043,
      "fps_avg": 4.494868676615389,
      "fps_std": 6.7560094396782455,
      "mem_before_mb": 9.125,
      "mem_after_load_mb": 20.35400390625,
      "mem_peak_mb": 21.62939453125,
      "mem_after_cleanup_mb": 9.125,
      "total_params": 2868664,
      "total_layers_dissected": 102,
      "num_images": 1,
      "num_runs_per_image": 5,
      "input_size": 640,
      "device": "cuda",
      "has_prompt_variations": false
    },
    {
      "model_name": "YOLO11n-Pose",
      "load_time_sec": 0.2452704906463623,
      "inference_times_sec": [
        0.4980936050415039,
        0.05358409881591797,
        0.05654430389404297,
        0.04456043243408203,
        0.052915096282958984
      ],
      "avg_inference_sec": 0.14113950729370117,
      "std_inference_sec": 0.17852147786180866,
      "min_inference_sec": 0.04456043243408203,
      "max_inference_sec": 0.4980936050415039,
      "fps_avg": 7.085188400998679,
      "fps_std": 8.961759386360546,
      "mem_before_mb": 9.125,
      "mem_after_load_mb": 20.341796875,
      "mem_peak_mb": 20.341796875,
      "mem_after_cleanup_mb": 9.125,
      "total_params": 2866468,
      "total_layers_dissected": 98,
      "num_images": 1,
      "num_runs_per_image": 5,
      "input_size": 640,
      "device": "cuda",
      "has_prompt_variations": false
    },
    {
      "model_name": "MobileSAM",
      "load_time_sec": 1.2116920948028564,
      "inference_times_sec": [
        7.372767448425293,
        4.698746204376221,
        4.826335430145264,
        4.666958808898926,
        4.795531272888184
      ],
      "avg_inference_sec": 5.272067832946777,
      "std_inference_sec": 1.0520036086651234,
      "min_inference_sec": 4.666958808898926,
      "max_inference_sec": 7.372767448425293,
      "fps_avg": 0.18967889482580094,
      "fps_std": 0.037849073298592634,
      "mem_before_mb": 9.125,
      "mem_after_load_mb": 50.6962890625,
      "mem_peak_mb": 189.021484375,
      "mem_after_cleanup_mb": 9.125,
      "total_params": 10130092,
      "total_layers_dissected": 138,
      "num_images": 1,
      "num_runs_per_image": 5,
      "input_size": 1024,
      "device": "cuda",
      "has_prompt_variations": false
    },
    {
      "model_name": "DepthAnythingV2-Small",
      "load_time_sec": 0.8990688323974609,
      "inference_times_sec": [
        1.1671297550201416,
        0.18071961402893066,
        0.07957911491394043,
        0.04226422309875488,
        0.03288912773132324
      ],
      "avg_inference_sec": 0.30051636695861816,
      "std_inference_sec": 0.4364634703398812,
      "min_inference_sec": 0.03288912773132324,
      "max_inference_sec": 1.1671297550201416,
      "fps_avg": 3.3276057810778155,
      "fps_std": 4.832942650781714,
      "mem_before_mb": 9.125,
      "mem_after_load_mb": 103.9990234375,
      "mem_peak_mb": 103.9990234375,
      "mem_after_cleanup_mb": 9.125,
      "total_params": 24785089,
      "total_layers_dissected": 33,
      "num_images": 1,
      "num_runs_per_image": 5,
      "input_size": 518,
      "device": "cuda",
      "has_prompt_variations": false
    },
    {
      "model_name": "DepthAnythingV2-Base",
      "load_time_sec": 1.41636323928833,
      "inference_times_sec": [
        0.5211632251739502,
        0.08474373817443848,
        0.07885265350341797,
        0.07818984985351562,
        0.21715664863586426
      ],
      "avg_inference_sec": 0.1960212230682373,
      "std_inference_sec": 0.1709733386227564,
      "min_inference_sec": 0.07818984985351562,
      "max_inference_sec": 0.5211632251739502,
      "fps_avg": 5.1014884222607275,
      "fps_std": 4.449612617688979,
      "mem_before_mb": 9.125,
      "mem_after_load_mb": 382.39990234375,
      "mem_peak_mb": 382.39990234375,
      "mem_after_cleanup_mb": 9.125,
      "total_params": 97470785,
      "total_layers_dissected": 33,
      "num_images": 1,
      "num_runs_per_image": 5,
      "input_size": 518,
      "device": "cuda",
      "has_prompt_variations": false
    },
    {
      "model_name": "DepthAnythingV2-Large",
      "load_time_sec": 3.814114570617676,
      "inference_times_sec": [
        0.26972317695617676,
        0.26015758514404297,
        0.2538309097290039,
        0.24901509284973145,
        0.2581660747528076
      ],
      "avg_inference_sec": 0.2581785678863525,
      "std_inference_sec": 0.00692915680526322,
      "min_inference_sec": 0.24901509284973145,
      "max_inference_sec": 0.26972317695617676,
      "fps_avg": 3.87328819811329,
      "fps_std": 0.10395371504468372,
      "mem_before_mb": 9.125,
      "mem_after_load_mb": 1291.10546875,
      "mem_peak_mb": 1291.10546875,
      "mem_after_cleanup_mb": 9.125,
      "total_params": 335315649,
      "total_layers_dissected": 33,
      "num_images": 1,
      "num_runs_per_image": 5,
      "input_size": 518,
      "device": "cuda",