model_name,load_time_sec,avg_inference_sec,std_inference_sec,min_inference_sec,max_inference_sec,fps_avg,fps_std,mem_peak_mb,total_params,total_layers_dissected,num_images,num_runs_per_image,device
DepthPro,15.161296129226685,14.810657739639282,1.2006176044596002,12.41338324546814,15.494188070297241,0.0675189459900621,0.005473385221323724,3643.42822265625,951991330,57,1,5,cuda
YOLO11n-Detect,0.3561124801635742,0.1776823043823242,0.2830603059099517,0.031469106674194336,0.7437067031860352,5.628022461079021,8.965832388537983,19.369140625,2616248,89,1,5,cuda
YOLO11n-Segment,0.11349797248840332,0.0706397533416748,0.061508561916263346,0.031371116638183594,0.19311261177062988,14.156334821317072,12.326427481317868,20.75,2868664,102,1,5,cuda
YOLO11n-Pose,0.08355236053466797,0.08920564651489257,0.10167350537094932,0.037802696228027344,0.29255175590515137,11.21005271603579,12.776829713825459,20.341796875,2866468,98,1,5,cuda
MobileSAM,0.24901223182678223,7.237530612945557,2.302113159118478,6.0580525398254395,11.841472148895264,0.13816867291881704,0.04394868044294078,67.31640625,10130092,138,1,5,cuda
DepthAnythingV2-Small,0.27811455726623535,0.05838708877563477,0.04721006828822398,0.03041386604309082,0.15264511108398438,17.127074169474692,13.8484442035719,104.61767578125,24785089,33,1,5,cuda
DepthAnythingV2-Base,0.9413163661956787,0.11090645790100098,0.05536122569853148,0.08080172538757324,0.2215592861175537,9.016607499020798,4.500823957735077,381.03857421875,97470785,33,1,5,cuda
DepthAnythingV2-Large,3.0653350353240967,0.2619062900543213,0.008541340301655782,0.25568556785583496,0.27857542037963867,3.818159540164509,0.12451858239752324,1289.60546875,335315649,33,1,5,cuda
