model_name,load_time_sec,avg_inference_sec,std_inference_sec,min_inference_sec,max_inference_sec,fps_avg,fps_std,mem_peak_mb,total_params,total_layers_dissected,has_prompt_variations,num_images,num_runs_per_image,device
GroundingDino,18.642893075942993,1.027571725845337,1.4230114567260037,0.30986642837524414,3.873579978942871,0.9731680765908045,1.347671687997728,669.14794921875,172249090,17,True,1,5,cuda
YOLO11n-Detect,1.1243586540222168,0.2918099880218506,0.5042237047135874,0.022638797760009766,1.3000922203063965,3.4268874988786213,5.9213802859683895,19.369140625,2616248,89,False,1,5,cuda
YOLO11n-Segment,0.2782106399536133,0.22247591018676757,0.3343922720462212,0.05170726776123047,0.8912501335144043,4.494868676615389,6.7560094396782455,21.62939453125,2868664,102,False,1,5,cuda
YOLO11n-Pose,0.2452704906463623,0.14113950729370117,0.17852147786180866,0.04456043243408203,0.4980936050415039,7.085188400998679,8.961759386360546,20.341796875,2866468,98,False,1,5,cuda
MobileSAM,1.2116920948028564,5.272067832946777,1.0520036086651234,4.666958808898926,7.372767448425293,0.18967889482580094,0.037849073298592634,189.021484375,10130092,138,False,1,5,cuda
DepthAnythingV2-Small,0.8990688323974609,0.30051636695861816,0.4364634703398812,0.03288912773132324,1.1671297550201416,3.3276057810778155,4.832942650781714,103.9990234375,24785089,33,False,1,5,cuda
DepthAnythingV2-Base,1.41636323928833,0.1960212230682373,0.1709733386227564,0.07818984985351562,0.5211632251739502,5.1014884222607275,4.449612617688979,382.39990234375,97470785,33,False,1,5,cuda
DepthAnythingV2-Large,3.814114570617676,0.2581785678863525,0.00692915680526322,0.24901509284973145,0.26972317695617676,3.87328819811329,0.10395371504468372,1291.10546875,335315649,33,False,1,5,cuda
DepthPro,8.647138118743896,17.16388645172119,3.5804086606389127,15.147154808044434,24.315884113311768,0.05826186294187004,0.01215349910690596,3643.30322265625,951991330,57,False,1,5,cuda
